Name,Site Role
adia,Student
aditya,Student
andy,Student
anya,Student
avery,Student
bennett,Student
brian,Student
brian,Student
camila,Student
charles,Student
chen,Student
cheryl,Student
corrina,Student
craig,Student
cynthia,Student
daniel,Student
daniel,Student
darius,Student
david,Student
david,Student
dawson,Student
duy,Student
edmond,Student
elisha,Student
eric,Student
eugene,Student
eva,Student
fenglei,Student
gang,Student
hansa,Student
haoyang,Student
henri,Student
hye,Student
ian,Student
ivanna,Student
jack,Student
jacqueline,Student
jing,Student
joe,Student
jonathan,Student
jordi-lakeem,Student
jun,Student
kairui,Student
kaleb,Student
kevin,Student
kornkit,Student
luheng,Student
maggie,Student
maria,Student
mark,Student
mary,Student
matthew,Student
mehul,Student
mia,Student
mike,Student
nelsens,Student
nicky,Student
omar,Student
owura,Student
pallavi,Student
paolla,Student
patricia,Student
patrick,Student
pengfu,Student
pooja,Student
ray,Student
riku,Student
rohan,Student
sabrina,Student
sean,Student
selina,Student
shainil,Student
shucheng,Student
sirjan,Student
stephanie,Student
terry,Student
thomas,Student
tommy,Student
uriel,Student
vaish,Student
vikram,Student
wei,Student
weiyao,Student
wenting,Student
woosuk,Student
yang,Student
yasaswi,Student
yassine,Student
yi,Student
yichen,Student
yixiang,Student
yixin,Student
yufei,Student
yujie,Student
yuval,Student
zhang,Student
zimo,Student
zixi,Student
zohaib,Student
